{
  "timestamp": "2026-06-05T11:24:52.687168",
  "config_hash": "1e602a01741f",
  "quick": false,
  "n_channels": 33,
  "elapsed_sec": 757.3,
  "lb_passrate_innov": 0.28263636363636363,
  "lb_passrate_resid": 0.02590909090909091
}