{
  "timestamp": "2026-06-03T21:32:40.586047",
  "config_hash": "626f1db56868",
  "quick": false,
  "n_channels": 33,
  "elapsed_sec": 767.6,
  "lb_passrate_innov": 0.10175757575757576,
  "lb_passrate_resid": 0.02590909090909091
}