{
  "timestamp": "2026-06-23T11:19:32.761600",
  "config_hash": "a1b9b1e2c005",
  "quick": false,
  "n_channels": 33,
  "elapsed_sec": 420.4,
  "lb_passrate_innov": 0.28421212121212125,
  "lb_passrate_resid": 0.02590909090909091
}