{
  "timestamp": "2026-06-03T20:32:30.664232",
  "config_hash": "626f1db56868",
  "quick": true,
  "n_channels": 8,
  "elapsed_sec": 224.9,
  "lb_passrate_innov": 0.117,
  "lb_passrate_resid": 0.025750000000000002
}