{
  "timestamp": "2026-06-03T22:00:49.074994",
  "config_hash": "626f1db56868",
  "quick": false,
  "n_channels": 33,
  "elapsed_sec": 734.7,
  "lb_passrate_innov": 0.10175757575757576,
  "lb_passrate_resid": 0.02590909090909091
}