{
  "timestamp": "2026-06-03T21:18:00.640090",
  "config_hash": "626f1db56868",
  "quick": true,
  "n_channels": 8,
  "elapsed_sec": 206.5,
  "lb_passrate_innov": 0.117,
  "lb_passrate_resid": 0.025750000000000002
}