{
  "timestamp": "2026-06-05T16:29:16.688374",
  "config_hash": "a1b9b1e2c005",
  "quick": false,
  "n_channels": 33,
  "elapsed_sec": 537.3,
  "lb_passrate_innov": 0.28421212121212125,
  "lb_passrate_resid": 0.02590909090909091
}