{
  "timestamp": "2026-06-03T16:01:54.424915",
  "config_hash": "626f1db56868",
  "quick": true,
  "n_channels": 8,
  "elapsed_sec": 262.7,
  "lb_passrate_innov": 0.117,
  "lb_passrate_resid": 0.025750000000000002
}