{
  "timestamp": "2026-06-02T23:44:33.959567",
  "config_hash": "1ba1cc512a67",
  "quick": false,
  "n_channels": 33,
  "elapsed_sec": 1541.0,
  "lb_passrate_innov": 0.2945454545454545,
  "lb_passrate_resid": 0.024818181818181816
}