{
  "timestamp": "2026-06-05T10:18:11.158396",
  "config_hash": "9518fc60e0dc",
  "quick": true,
  "n_channels": 8,
  "elapsed_sec": 137.5,
  "lb_passrate_innov": 0.31875,
  "lb_passrate_resid": 0.025750000000000002
}