{
  "timestamp": "2026-06-05T16:04:42.088829",
  "config_hash": "a1b9b1e2c005",
  "quick": false,
  "n_channels": 33,
  "elapsed_sec": 673.7,
  "lb_passrate_innov": 0.2843030303030303,
  "lb_passrate_resid": 0.02590909090909091
}