{
  "timestamp": "2026-06-05T10:33:11.098559",
  "config_hash": "1e602a01741f",
  "quick": true,
  "n_channels": 8,
  "elapsed_sec": 138.3,
  "lb_passrate_innov": 0.33099999999999996,
  "lb_passrate_resid": 0.025750000000000002
}