{
  "timestamp": "2026-06-05T15:44:20.014443",
  "config_hash": "a1b9b1e2c005",
  "quick": true,
  "n_channels": 8,
  "elapsed_sec": 182.9,
  "lb_passrate_innov": 0.331125,
  "lb_passrate_resid": 0.025750000000000002
}